bundle,path_id,mesh_name,submeshes
220007_skill.assetbundle,7050299350691497196,Plane003,1
blockcircledoor005.assetbundle,2956729990109189829,Cylinder001,1
buff_bianyi.assetbundle,2554419588821127728,Cone001,1
common.assetbundle,7598379637668833511,common_plane,1
common_chuangjue02.assetbundle,-3315138498704134512,Plane001,1
common_jiujie.assetbundle,6157484889004941558,common_plane,1
hiddenweapon_303259.assetbundle,-3223301942216652301,HiddenWeapon_303259_fengmo,1
icon_yinji.assetbundle,-1643661483684227394,Plane002,1
magicpet_303001.assetbundle,2721084224998930201,Plane001,1
mod.assetbundle,-8741805796353806092,common_plane,1
mod.assetbundle,-7287332659901252871,600017,1
mod.assetbundle,-5128600262533630485,Line_B_006_1,1
mod.assetbundle,-3325771336816756527,mesh_fx_yl_ssr_011_skillattack001_plane003,1
mod.assetbundle,-2108096694980917271,600016,1
mod.assetbundle,5739677241047922155,Line_B_006,1
mod_01.assetbundle,-2190106831403595838,Cone003,1
mod_01.assetbundle,2047202626704070346,eff_dy_4004,1
mod_01.assetbundle,2732247603839675147,ef_langfantian_attack02_030,1
mod_01.assetbundle,4145127364480259037,XF_03,1
mod_10002.assetbundle,1675856729002215648,Role_10002_mo_plane_S003,1
mod_10002.assetbundle,8232239235361222803,Role_10002_mo_plane_S001,1
mod_10003.assetbundle,6113854520636450205,Pet_SDJL_skill_00_Ice_WBA001,1
mod_10023.assetbundle,3335085453911324797,Tube001,1
mod_101000.assetbundle,-6745211294853459933,Plane001,1
mod_101001.assetbundle,-3317220855843122569,Box001,1
mod_101001.assetbundle,-1563238299768021365,Sphere001,1
mod_103001.assetbundle,751168122538411332,Plane002,1
mod_104000.assetbundle,3002925430332322418,yuan_02,1
mod_105000.assetbundle,-8158184556713614023,Sphere001,1
mod_105000.assetbundle,-2426852439701138245,Box001,1
mod_105000.assetbundle,-211062150328698626,Plane001,1
mod_105000.assetbundle,6716262929209145872,world_fbx_cone_7020,1
mod_110000.assetbundle,-8310035009495431613,Sphere003,1
mod_110000.assetbundle,-7512492957139022022,Plane002,1
mod_110000.assetbundle,-7228599289812609215,Plane046,1
mod_110000.assetbundle,-6776164188597337881,Plane020,1
mod_110000.assetbundle,-6558674419794379209,Sphere002,1
mod_110000.assetbundle,-5493541862943597080,Plane056,1
mod_110000.assetbundle,-5237121647980542844,yuanpian001,1
mod_110000.assetbundle,-4425586367423014744,Loft002,1
mod_110000.assetbundle,-3821334164872683385,Loft001,1
mod_110000.assetbundle,-2457378507929246933,Plane055,1
mod_110000.assetbundle,-2349778499151140444,Plane204,1
mod_110000.assetbundle,-2144741296923353886,Plane066,1
mod_110000.assetbundle,-1681303828034668842,Cylinder006,1
mod_110000.assetbundle,-979197015615811506,daoguang,1
mod_110000.assetbundle,-854410055817365395,FJ_64_1,1
mod_110000.assetbundle,-763510899043541538,Plane054,1
mod_110000.assetbundle,-253652594591561329,Plane001,1
mod_110000.assetbundle,-41603237882251929,Plane001,1
mod_110000.assetbundle,433171262224492362,Plane001,1
mod_110000.assetbundle,828386896497901238,Plane001,1
mod_110000.assetbundle,1209413638467360980,Sphere001,1
mod_110000.assetbundle,1303604481481303876,Plane001,1
mod_110000.assetbundle,1901743414709462547,Plane003,1
mod_110000.assetbundle,2067329827404719501,Plane001,1
mod_110000.assetbundle,2214483757024959233,Plane050,1
mod_110000.assetbundle,2345411039174677135,Sphere001,1
mod_110000.assetbundle,2377229615773853529,Plane206,1
mod_110000.assetbundle,2776161921051128676,Plane241,1
mod_110000.assetbundle,2818554659375806136,Plane224,1
mod_110000.assetbundle,3109476898860778625,daoguang,1
mod_110000.assetbundle,3483464617714820524,FJ_64_1,1
mod_110000.assetbundle,4021766043891467126,Plane058,1
mod_110000.assetbundle,5990958488534069576,Loft007,1
mod_110000.assetbundle,7094903784668217364,Plane001,1
mod_110000.assetbundle,7563338185052504045,Plane001,1
mod_110000.assetbundle,7898603940111990804,Plane002,1
mod_110000.assetbundle,7974095668031620284,Plane063,1
mod_110000.assetbundle,8105685255341623094,plane209,1
mod_110000.assetbundle,8259532282788159401,Plane024,1
mod_110000.assetbundle,8435437667615448584,Plane038,1
mod_110000.assetbundle,8838188366818983910,Plane001,1
mod_110000.assetbundle,9044843001789433499,Cylinder007,1
mod_110009.assetbundle,-165418370908847657,Plane001,1
mod_110101.assetbundle,-4241687233283212560,Plane001,1
mod_110101.assetbundle,-1299234785691049598,Plane005,1
mod_110101.assetbundle,1026374974713422988,Plane002,1
mod_110101.assetbundle,1463906165027237316,Sphere001,1
mod_110101.assetbundle,3246764019078231333,Plane003,1
mod_110101.assetbundle,4091256703707097406,Torus001,1
mod_110101.assetbundle,6927598473488738123,Plane002,1
mod_110166.assetbundle,-7789876361683291637,Partner_205033_xuanniao_bird_LOD1,1
mod_110166.assetbundle,-4856636484543382251,Plane003,1
mod_110166.assetbundle,1769477610465141942,Cylinder001,1
mod_110166.assetbundle,4025008452486420994,Plane001,1
mod_110166.assetbundle,7137691460931943701,Plane002,1
mod_110170.assetbundle,-713537728862289965,Box001,1
mod_110170.assetbundle,4244269423656601446,Plane001,1
mod_110170.assetbundle,7221431541444737215,Plane001,1
mod_110201.assetbundle,-5469597121220695647,Plane002,1
mod_110201.assetbundle,-966998543281396510,mod,1
mod_110201.assetbundle,4188503841428052946,Plane001,1
mod_110201.assetbundle,5290701490686575368,RoleWeapon_1221033_trail_S001,1
mod_110201.assetbundle,5481457833858081867,Plane003,1
mod_110231.assetbundle,-9150311751254932770,mod_110231_GF005,1
mod_110231.assetbundle,-4845909458733990402,Plane001,1
mod_110232.assetbundle,-7229704986382754601,Plane001,1
mod_110232.assetbundle,3479815827957346010,Quad_Cross_bottom,1
mod_110234.assetbundle,2742151137857205501,Plane001,1
mod_110245.assetbundle,-7412957546311497577,Mod_110245_WF004,1
mod_110254.assetbundle,-583432051226893979,Plane002,1
mod_110336.assetbundle,6617615379294428365,quan_10,1
mod_11115.assetbundle,-6793746219623981962,Plane002,1
mod_11115.assetbundle,4779101053486864449,Plane001,1
mod_112100.assetbundle,9129321237818054501,Role_112100_man_LY006,1
mod_120001.assetbundle,7027220163466180445,line001,1
mod_120004.assetbundle,-7199234586014532599,mesh_xuanzhuan01,1
mod_120006.assetbundle,-7018852395857342187,MOD_120006_WD005,1
mod_120006.assetbundle,-685893866948964027,MOD_120006_WD001,1
mod_120009.assetbundle,6148277948855309492,Plane026,1
mod_120011.assetbundle,-6891113817518046991,Cylinder323,1
mod_120011.assetbundle,-5156361767089098649,Cylinder324,1
mod_120014.assetbundle,-7481867034592942519,Plane003,1
mod_120014.assetbundle,4958295016383530880,Plane070,1
mod_120014.assetbundle,5945840444311289582,Plane001,1
mod_120015.assetbundle,-1699163679193770429,fx_mod_yh_pjf_001,1
mod_120015.assetbundle,2292110929399153108,Plane001,1
mod_120015.assetbundle,5194368813144998181,Plane002,1
mod_120101.assetbundle,-1574655918331771722,Plane001,1
mod_120101.assetbundle,725799628160671707,Cylinder001,1
mod_120101.assetbundle,1298323219591315852,Box001_v_020,1
mod_120101.assetbundle,5183343009411299507,Cylinder001,1
mod_120233.assetbundle,7716278969980037832,Plane001,1
mod_120234.assetbundle,-1749904433552750232,Plane001,1
mod_120234.assetbundle,-283953457231566183,Plane003,1
mod_121000.assetbundle,-8918125586184049424,zishu_plane01,1
mod_121000.assetbundle,-8495417751776697186,Sphere002,1
mod_121000.assetbundle,-8222095858795665710,Cylinder001,1
mod_121000.assetbundle,-6111614122210745124,yqwl_fx_ring_001_sm,1
mod_121000.assetbundle,-5765930967467672303,mesh_fx_boss_102_skillattack2_plane002,1
mod_121000.assetbundle,-4956633386469889027,Plane002,1
mod_121000.assetbundle,-4421319610226955665,Sphere001,1
mod_121000.assetbundle,-4252762591044993112,yuanpian_011,1
mod_121000.assetbundle,-4098099498968879876,Mod_161101_skill007_CZK002,1
mod_121000.assetbundle,-3271624354629671214,Plane001,1
mod_121000.assetbundle,-3129844915822590843,yqwl_fx_ring_001_sm,1
mod_121000.assetbundle,-2698438167440950707,yqwl_fx_ring_001_sm,1
mod_121000.assetbundle,-1638247772260386460,mod_kuosan_WH009,1
mod_121000.assetbundle,-1268160194152529392,ss,1
mod_121000.assetbundle,-583148234799048188,Plane003,1
mod_121000.assetbundle,915674730143066383,RoleWeapon_161101_CZK_023,1
mod_121000.assetbundle,2728051188928728058,RoleWeapon_301012_WD022,1
mod_121000.assetbundle,6592620005234514436,Plane004,1
mod_121000.assetbundle,7099259791480756598,Sphere001,1
mod_121000.assetbundle,7468320726813011184,zishu_plane02,1
mod_121000.assetbundle,7646569826980464991,xf_zhizipina,1
mod_121000.assetbundle,7984354439005013284,Cone001,1
mod_121101.assetbundle,2457827093219984341,eff_qjm_9009,1
mod_121165.assetbundle,7650800763043924286,ring05_hzj,1
mod_121201.assetbundle,-6284866380320314890,moxing,1
mod_121201.assetbundle,6853078622158498032,Cylinder001,1
mod_121210.assetbundle,-2660110787714886471,Plane003,1
mod_121228.assetbundle,-4617665912143556578,RoleWeapon_124140_WDJ005,1
mod_121228.assetbundle,-2721104492247117846,RoleWeapon_125115_WDJ003,1
mod_121234.assetbundle,4058366328538454837,raylang_nvwa_bainkuang_003,1
mod_121242.assetbundle,8437501908059508254,Plane001,1
mod_122009.assetbundle,6119388631583254931,Plane001,1
mod_122010.assetbundle,4708744993679527799,fenghuang,1
mod_122018.assetbundle,-8811128385728222137,RoleWeapon_122018_man_plane_S007,1
mod_1221033.assetbundle,-8938713986242948502,RoleWeapon_1221033_trail_S001,1
mod_1221033.assetbundle,587312999706125122,RoleWeapon_1221033_bianpao_S003,1
mod_122130.assetbundle,-7867374251105109006,Plane008,1
mod_122131.assetbundle,-8866522537922861242,yuan_02,1
mod_122137.assetbundle,1313744420722269493,RoleWeapon_1221037_man_R,1
mod_122137.assetbundle,8078772802157385625,RoleWeapon_1221037_man_R,1
mod_122141.assetbundle,-2308545800223308351,Plane005,1
mod_122141.assetbundle,-1209872798346192936,Plane001,1
mod_122141.assetbundle,4303819478989451961,Plane002,1
mod_122144.assetbundle,-2332609044095652193,Cone001,1
mod_122146.assetbundle,-3695206930678796414,eff_hgz_8102,1
mod_122149.assetbundle,-201086121044009095,RoleWeapon_122149_man_L_trail_S001,1
mod_122153.assetbundle,-3893216912890845335,Plane004,1
mod_122156.assetbundle,-9001631073831130429,moxing,1
mod_122156.assetbundle,718289014300978954,yuanzhui,1
mod_122158.assetbundle,-2552541945718151846,Plane001,1
mod_122158.assetbundle,1012030602711882423,Plane001,1
mod_122158.assetbundle,7490859218609828992,Plane001,1
mod_122163.assetbundle,-1815818023186057642,Role_10002_mo_plane_S001,1
mod_122205.assetbundle,-998525865461163708,Effect_Scene_hudie,1
mod_122314.assetbundle,4618338444426653782,Loft002,1
mod_122314.assetbundle,5027649107121194137,Plane001,1
mod_122315.assetbundle,1132646191798852376,Plane003,1
mod_123019.assetbundle,5203500723329259387,Plane002,1
mod_123131.assetbundle,5547775074371035286,yuan_06,1
mod_123133.assetbundle,-9218342683434753755,RoleWeapon_123133_woman_trail_S002,1
mod_123140.assetbundle,4181343173038132172,Sphere001,1
mod_123141.assetbundle,4405504517021240760,Bikesiluo_cp_shizipian,1
mod_123142.assetbundle,6798812129355925448,fz_mx06,1
mod_123143.assetbundle,-3444489192711813669,eff_lzj_511,1
mod_123143.assetbundle,6174858166533836774,ms_ring_hgz_010,1
mod_123146.assetbundle,-8936317638852372699,Plane001,1
mod_123149.assetbundle,-5883804271715029353,RoleWeapon_123149_woman_trail_S001,1
mod_123149.assetbundle,1367901732979318403,RoleWeapon_123149_woman_trail_LY001,1
mod_123151.assetbundle,582246528818064812,Cone001,1
mod_123153.assetbundle,-8135738547190038782,plane001,1
mod_123153.assetbundle,1230682285661314567,Plane001,1
mod_123158.assetbundle,133282614955167607,Plane002,1
mod_123158.assetbundle,328558170069421943,Plane001,1
mod_123158.assetbundle,431089253269547470,Object001,1
mod_123158.assetbundle,5319640181218561911,Plane003,1
mod_123158.assetbundle,6232091373554142904,Cylinder001,1
mod_123167.assetbundle,4503706448725243855,对象002,1
mod_123170.assetbundle,-5746535473797934978,Sphere001,1
mod_123201.assetbundle,-1210757286784424842,Object01,1
mod_123211.assetbundle,739083668452122392,Plane002,1
mod_124114.assetbundle,-1955423301314647652,RoleWeapon_124114_WD006,1
mod_124133.assetbundle,-2627050382044807083,Cylinder001,1
mod_124156.assetbundle,-3555241619289791031,RoleWeapon_124156_WDJ006,1
mod_124156.assetbundle,-1530916836612611172,RoleWeapon_124156_WDJ001,1
mod_124211.assetbundle,-2860369796847169961,RoleWeapon_124211_WD001,1
mod_125010.assetbundle,-2668639307472688571,RoleWeapon_125010_WD003,1
mod_125113.assetbundle,-5230346953477228739,RoleWeapon_125113_WD008,1
mod_125114.assetbundle,-1928922502287321577,RoleWeapon_125114_WD002,1
mod_125114.assetbundle,-1286460161761875241,RoleWeapon_125114_WD004,1
mod_125114.assetbundle,-866576778303653821,RoleWeapon_125114_WD003,1
mod_125114.assetbundle,382868759432738640,RoleWeapon_125114_WD008,1
mod_125114.assetbundle,7941735192743485364,RoleWeapon_125114_WD007,1
mod_125114.assetbundle,9063153009023994560,RoleWeapon_125114_WD006,1
mod_125115.assetbundle,-1269057426427188179,RoleWeapon_125115_WDJ002,1
mod_125130.assetbundle,5614348637114818547,Plane003,1
mod_125134.assetbundle,-3031427584642781416,Plane008,1
mod_125134.assetbundle,2228307130143625313,Plane001,1
mod_125147.assetbundle,9177468294137724218,yqwl_fx_ring_001_sm,1
mod_125151.assetbundle,-7373937654376419165,RoleWeapon_125151_WDJ001,1
mod_125170.assetbundle,1756440854803420018,Plane004,1
mod_125205.assetbundle,-6492080498931073681,Plane003,1
mod_125211.assetbundle,-6652992139884710122,RoleWeapon_125211_WD004,1
mod_125211.assetbundle,-2007186840068227798,RoleWeapon_125211_WD003,1
mod_125211.assetbundle,-1344924530360247803,RoleWeapon_125211_WD008,1
mod_125211.assetbundle,-381625039092969552,RoleWeapon_125211_WD002,1
mod_125211.assetbundle,170626399009752374,RoleWeapon_125211_WD006,1
mod_125211.assetbundle,4234647264456921471,RoleWeapon_125211_WD005,1
mod_125211.assetbundle,6866464797279792213,RoleWeapon_125211_WD001,1
mod_125211.assetbundle,6918324858631330006,RoleWeapon_125211_WD007,1
mod_125310.assetbundle,-6292607378116174414,RoleWeapon_125310_YS002_LY003,1
mod_125310.assetbundle,-3455735548487948723,RoleWeapon_125310_YS002_LY001,1
mod_125310.assetbundle,-2820771959682718131,RoleWeapon_125310_YS002_LY002,1
mod_125310.assetbundle,-604585039080735678,Plane011,1
mod_130009.assetbundle,-8212838055062359583,Plane001,1
mod_130014.assetbundle,-2083510040889231952,Plane015,1
mod_130016.assetbundle,-3601789637786474595,Plane009,1
mod_130016.assetbundle,1172643551383795757,Mod_530016_WF028,1
mod_130100.assetbundle,-8947205635727314286,Plane001,1
mod_130100.assetbundle,-5088679266059992724,Plane001,1
mod_130100.assetbundle,-4385291147118025158,Plane001,1
mod_130100.assetbundle,-2842987012325272402,Plane003,1
mod_130100.assetbundle,-753579957253460160,Loft002,1
mod_130100.assetbundle,26931932160437107,ring01_ylc,1
mod_130100.assetbundle,1645591060779656762,Plane002,1
mod_130100.assetbundle,2544721971466249852,RoleWeapon_105000_WD006,1
mod_130100.assetbundle,4104017375510351533,ring01_ylc,1
mod_130100.assetbundle,4303521837818536029,Sphere001,1
mod_130100.assetbundle,4548963557268520251,Loft001,1
mod_130100.assetbundle,4848479568277143462,Plane001,1
mod_130100.assetbundle,6158283878150086725, RoleWeapon_105000_WD004,1
mod_130100.assetbundle,7612471459921567957,Plane005,1
mod_130100.assetbundle,7671327821661179135,Sphere001,1
mod_130100.assetbundle,8755965388890307709, RoleWeapon_105000_WD003,1
mod_130101.assetbundle,-2439285050171796513,Sphere001,1
mod_131000.assetbundle,-6536260387205974439,Cylinder001,1
mod_131000.assetbundle,-3934270422112495659,Box001,1
mod_131000.assetbundle,-2189553711277072447,Sphere001,1
mod_131000.assetbundle,667735382118076649,Sphere001,1
mod_131000.assetbundle,1855576514021416943,Plane001,1
mod_131000.assetbundle,2533645071944580905,RoleWeapon_125000_woman001,1
mod_131000.assetbundle,5277695406019483339,Sphere001,1
mod_131000.assetbundle,6348670715224694073,water001,1
mod_131000.assetbundle,7858028024677224277,Sphere001,1
mod_131000.assetbundle,8777962686760092453,Cylinder001,1
mod_131201.assetbundle,-2970961866554554619,Helix001,1
mod_131201.assetbundle,9014025847709723604,008,1
mod_131213.assetbundle,-660039086070045565,RoleWeapon_122149_man_L_trail_S005,1
mod_131213.assetbundle,2223410786497296441,Plane001,1
mod_131213.assetbundle,3834125018195637342,RoleWeapon_122149_man_trail_S004,1
mod_131232.assetbundle,-8292120251221303137,Plane002,1
mod_131235.assetbundle,-1060116414050116715,Object001,1
mod_131236.assetbundle,8561225332229626603,Plane039,1
mod_131240.assetbundle,446063524322817688,Cylinder001,1
mod_131260.assetbundle,-4976381058798237220,008,1
mod_131260.assetbundle,-2710597105990494096,009,1
mod_131260.assetbundle,7156848993065418282,005,1
mod_131260.assetbundle,9200573218580705975,007,1
mod_140000.assetbundle,-8519747219602254877,Plane001,1
mod_140000.assetbundle,-6455199631087927852,mesh_fx_boss_102_skillattack_cone004,1
mod_140000.assetbundle,-5344206568225536542,yuanzhu,1
mod_140000.assetbundle,-5252800709380918870,RoleWeapon_140201,1
mod_140000.assetbundle,-941409778639187074,Cylinder001,1
mod_140000.assetbundle,1662014507534835896,Sphere001,1
mod_140000.assetbundle,6383250783334526610,Object003,1
mod_140000.assetbundle,6571756786012479027,Plane003,1
mod_140055.assetbundle,-8752958850179868169,001,1
mod_140055.assetbundle,589736052633045904,001,1
mod_140055.assetbundle,3074236024193414354,001,1
mod_140102.assetbundle,4177085163298613842,Common_Plane_H096,1
mod_140124.assetbundle,6364189355296020149,Plane001,1
mod_140127.assetbundle,-1550061544365436316,mod_140127_LY001,1
mod_140167.assetbundle,-9221107603611282067,XF_03,1
mod_140167.assetbundle,-6357383296227507065,star_001,1
mod_140167.assetbundle,-4775925868668667942,Plane002,1
mod_140167.assetbundle,2501912493137108189,star_01,1
mod_140167.assetbundle,4848865052083748818,Plane001,1
mod_140169.assetbundle,-5334206629679541044,RoleWeapon_125010_WD007,1
mod_140169.assetbundle,-4877234861555049486,Role_112100_man_LY002,1
mod_140169.assetbundle,-3811092172008588029,Role_112100_man_LY005,1
mod_140169.assetbundle,-452242036582023439,Cylinder001,1
mod_140169.assetbundle,5309027072849154705,Plane004,1
mod_140169.assetbundle,5603210311690641054,Role_113100_other_LY003,1
mod_140169.assetbundle,5783077394186755306,Role_112100_man_LY002,1
mod_140201.assetbundle,8855974604568379516,RoleWeapon_140201,1
mod_140214.assetbundle,-8017203947520106444,Mod_110345_WF005,1
mod_140214.assetbundle,-446938260095570587,Plane009,1
mod_140228.assetbundle,-29382994203323528,RoleWeapon_140240_zuizu,1
mod_140229.assetbundle,-2941899736237990929,Plane003,1
mod_140236.assetbundle,-6942972545806371073,object004,1
mod_140236.assetbundle,-5715255820677089537,object005,1
mod_140236.assetbundle,3043222032283858687,object006,1
mod_140236.assetbundle,4641165875200718591,object001,1
mod_140236.assetbundle,7863214136996919039,object002,1
mod_140236.assetbundle,8583818776989791999,object003,1
mod_140237.assetbundle,5433853600254853627,Cylinder001,1
mod_140237.assetbundle,7121577514596044531,Plane008,1
mod_140238.assetbundle,-3061260759423450985,Sphere002,1
mod_140238.assetbundle,-1516243520014194409,Cylinder002,1
mod_140238.assetbundle,5671082796337142695,Plane005,1
mod_140244.assetbundle,-8047999738552529092,mod_140244_LY005,1
mod_140260.assetbundle,-6284643703989141425,003,1
mod_140260.assetbundle,-4436582607348767353,009,1
mod_140260.assetbundle,-3848132927890466747,004,1
mod_140260.assetbundle,-2803604437380205717,001,1
mod_140260.assetbundle,25651907508329682,007,1
mod_140260.assetbundle,4352030963384967662,010,1
mod_155000.assetbundle,-4809389155580029121,Plane002,1
mod_161101.assetbundle,5792686820164825458,Mod_161101_skill005_1_CZK_008,1
mod_199204.assetbundle,6019815963564696539,Plane001,1
mod_201002.assetbundle,-7989020449567251741,Sphere001,1
mod_201002.assetbundle,3687893523696509396,Cylinder001,1
mod_201107.assetbundle,7238738235544870477,jinbi,1
mod_201108.assetbundle,4035720723221537913,Plane001,1
mod_201111.assetbundle,4988988422241112436,Sphere001,1
mod_201112.assetbundle,3512764315157483796,Sphere002,1
mod_201112.assetbundle,4965075161887935125,Plane002,1
mod_201114.assetbundle,-8940412553654559124,Plane001,1
mod_201114.assetbundle,-5050451169962045183,Plane002,1
mod_201117.assetbundle,-7382718882272665748,YuanZhu_05,1
mod_201117.assetbundle,-2576825676964253545,chelun00,1
mod_201118.assetbundle,7137105930516131234,Plane001,1
mod_201121.assetbundle,4355544381690249413,plane001,1
mod_201125.assetbundle,-4749317450006817055,Plane002,1
mod_201127.assetbundle,-7329442908241485726,Plane001,1
mod_201127.assetbundle,-3389198441795647815,Cylinder001,1
mod_201127.assetbundle,632322826156721163,hua,1
mod_201127.assetbundle,2203327040020341001,Mount_302220_fugu,1
mod_201128.assetbundle,-5104504678060731554,Loft004,1
mod_201128.assetbundle,500601483097490673,Plane001,1
mod_201132.assetbundle,8337736251709927208,eff_hgy_021,1
mod_201133.assetbundle,-214100104691166815,Mount_302226_gongting_men_S001,1
mod_201134.assetbundle,7466359783375397675,Plane002,1
mod_201136.assetbundle,-8062133768463967769,mod_yizi,1
mod_201136.assetbundle,6803593368814308079,ring_02,1
mod_201138.assetbundle,-5160425036648130850,plane001,1
mod_201138.assetbundle,-3364974484656557669,Mount_302230_zhanjia,1
mod_201138.assetbundle,3202847555304960325,Cylinder001,1
mod_201142.assetbundle,-3803143759677791188,Cylinder001,1
mod_201142.assetbundle,-3584447294522145440,Object001,1
mod_201142.assetbundle,-2816116601938543199,Object002,1
mod_201142.assetbundle,1545166406665815392,Object002,1
mod_201146.assetbundle,2318394222229769123,Plane001,1
mod_201152.assetbundle,-4788450250090139032,Plane003,1
mod_201152.assetbundle,-1801729699776938760,Plane007,1
mod_201152.assetbundle,-1603093060719757043,plane010,1
mod_201152.assetbundle,1579626462818255126,Plane009,1
mod_201152.assetbundle,8238376499536760882,plane002,1
mod_201157.assetbundle,8901132005952636528,Plane001,1
mod_201158.assetbundle,-1314690932034087378,Cylinder002,1
mod_201159.assetbundle,-8031040848212864328,01_01,1
mod_201159.assetbundle,-6909798137381072200,05_05,1
mod_201159.assetbundle,-5220213173001596232,06,1
mod_201159.assetbundle,-4854030602811223368,02,1
mod_201159.assetbundle,-2542612937567704325,09,1
mod_201159.assetbundle,-2205766267309862216,03,1
mod_201159.assetbundle,-1514892388124601672,06_06,1
mod_201159.assetbundle,-867503060183952712,03_03,1
mod_201159.assetbundle,-829447803915214391,07,1
mod_201159.assetbundle,1074557488775942840,05,1
mod_201159.assetbundle,3216854828150979720,08,1
mod_201159.assetbundle,5486391070594945720,04,1
mod_201159.assetbundle,6931168836662317752,01,1
mod_201159.assetbundle,7212206691188733019,10,1
mod_201159.assetbundle,7741054454371437444,11,1
mod_201184.assetbundle,-620560800888760437,Plane001,1
mod_201190.assetbundle,-4564591051424804956,Object001,1
mod_201203.assetbundle,1252522852378332859,Plane001,1
mod_201210.assetbundle,-5217926873550497999,Plane001,1
mod_201212.assetbundle,-2344542365771955434,Twister_RSD_b,1
mod_201216.assetbundle,-8566499260055276025,02,1
mod_201216.assetbundle,-8076370342736316882,Plane001,1
mod_201216.assetbundle,-418767841753253469,yan,1
mod_201216.assetbundle,470833641957493370,Effect_plane001,1
mod_201216.assetbundle,489468135132909339,baoshi,1
mod_201216.assetbundle,1921430718422351683,baoshi02,1
mod_201216.assetbundle,8843274210559807164,01,1
mod_201219.assetbundle,-6793123163148698850,Plane001,1
mod_201219.assetbundle,-362367150537405144,Sphere001,1
mod_201219.assetbundle,2828951838756801832,Sphere002,1
mod_201219.assetbundle,6214586408124722002,Plane006,1
mod_201222.assetbundle,4791249788543629716,Plane001,1
mod_201236.assetbundle,-7302080768477466588,Plane017,1
mod_201236.assetbundle,-4298133057788704685,Plane021,1
mod_201236.assetbundle,-3793468847742877978,TX_tiaodai_500,1
mod_201236.assetbundle,108972660091291602,Plane027,1
mod_201236.assetbundle,593669908144006095,Plane028,1
mod_201236.assetbundle,3759753106619000688,Plane022,1
mod_201236.assetbundle,5979443985074806749,Plane025,1
mod_201236.assetbundle,6116669672453830872,Plane001,1
mod_201236.assetbundle,6727173489871752099,Circle_01,1
mod_201236.assetbundle,8469875047013901833,Sphere002,1
mod_201239.assetbundle,-1841727079018042281,Plane004,1
mod_201240.assetbundle,2675430545781837166,tou,1
mod_201240.assetbundle,5946447803026543435,yj,1
mod_201240.assetbundle,7936617042008656349,tf,1
mod_201241.assetbundle,-8074530130939209678,Plane049,1
mod_201247.assetbundle,-6875014469859799011,Plane006,1
mod_201247.assetbundle,-3353004225394357283,Plane001,1
mod_201247.assetbundle,-806333893256757217,Plane001,1
mod_201247.assetbundle,2605075985717142917,Plane009,1
mod_201247.assetbundle,3194545524394646880,Plane007,1
mod_201247.assetbundle,7972009120639903043,Plane001,1
mod_201250.assetbundle,-7631344838687581795,Plane010,1
mod_201250.assetbundle,-7592744058486546332,Plane005,1
mod_201250.assetbundle,-1969201889456000671,Plane001222,1
mod_201257.assetbundle,-7015421355212707287,Horse_201012_xuebao_003,1
mod_201257.assetbundle,8492303846402342495,yan,1
mod_201259.assetbundle,-7431403499581363437,Plane004,1
mod_201264.assetbundle,3188442955870713054,EF_Plane_003,1
mod_201267.assetbundle,-2198588421559769558,Plane028,1
mod_201267.assetbundle,-1366760085525838500,Plane005,1
mod_201269.assetbundle,-6667600959996712385,Torus001,1
mod_201270.assetbundle,-4692087184093587371,xh_fx_plane_101_sm,1
mod_201270.assetbundle,-2829987358271173533,TX_banyuan_500,1
mod_201271.assetbundle,-2091294332983699968,Mod_Cylinder_WF004,1
mod_201271.assetbundle,-1084013401900245166,yuan_001,1
mod_201272.assetbundle,-4774712655068794830,Plane001,1
mod_201276.assetbundle,6100397309522288683,Mod_205001_CZK027,1
mod_201277.assetbundle,5424219634845921569,ring_704,1
mod_201284.assetbundle,-7757788271656057923,Plane014,1
mod_201295.assetbundle,-3730412482670241064,Plane003,1
mod_202004.assetbundle,-4338218557764024048,Plane001,1
mod_202004.assetbundle,3969208016104522428,Plane002,1
mod_202101.assetbundle,2982113229112444551,001,1
mod_202109.assetbundle,-8398750127613290074,Object001,1
mod_202109.assetbundle,-6486122978956027482,Object002,1
mod_202109.assetbundle,-2508746090432374362,Object003,1
mod_202114.assetbundle,-5876290879352120910,Loft002,1
mod_202114.assetbundle,7519267283567729074,Loft001,1
mod_202129.assetbundle,-3993393011649821534,Plane025,1
mod_202129.assetbundle,4267827507939886242,Plane001,1
mod_202129.assetbundle,7743959372327928994,Plane006,1
mod_202132.assetbundle,-9164462582539776580,Plane005,1
mod_202156.assetbundle,-9222282602023761327,Plane001,1
mod_202161.assetbundle,-4108178294347239787,Common_Plane_H096,1
mod_202161.assetbundle,-2548991684371917499,Plane001,1
mod_202161.assetbundle,888312116215370337,Cylinder002,1
mod_202163.assetbundle,-6559394044568066967,Plane004,1
mod_202163.assetbundle,-4813862581836303076,Plane001,1
mod_202164.assetbundle,-2747040259473810670,Cylinder001,1
mod_202169.assetbundle,1543129526561115992,对象002,1
mod_202173.assetbundle,-7581447761114500730,Plane003,1
mod_202174.assetbundle,-5337738645987274853,Mod_205001_CZK015,1
mod_202174.assetbundle,719206559376545523,Plane001,1
mod_202174.assetbundle,8718672910879693678,mod_02,1
mod_202177.assetbundle,2499512008351255443,Plane004,1
mod_202180.assetbundle,2918709462397097836,mod_202180_LY002,1
mod_202185.assetbundle,3728004346429767318,Plane001,1
mod_202187.assetbundle,-5980951932951857955,Quad_Cross_bottom,1
mod_202187.assetbundle,380754558863109082,Mod_304236_H001,1
mod_202190.assetbundle,-7613952268192298794,002,1
mod_202190.assetbundle,-7281338972888610602,001,1
mod_202190.assetbundle,611440437819754710,004,1
mod_202190.assetbundle,982931149222070486,005,1
mod_202190.assetbundle,5929563823101790422,006,1
mod_202190.assetbundle,8325343386583582934,003,1
mod_202191.assetbundle,6741215748028255886,mod_202191_LY001,1
mod_202206.assetbundle,-2659126815220388704,Plane008,1
mod_202209.assetbundle,-8413272218158151990,03,1
mod_202209.assetbundle,-5169894830766143798,04,1
mod_202209.assetbundle,-1634702978685974838,02,1
mod_202209.assetbundle,4159608290412283594,01,1
mod_202218.assetbundle,-5828361213863437509,Plane021,1
mod_202218.assetbundle,-3582092519128833661,hua,1
mod_202218.assetbundle,615351765644827451,Plane020,1
mod_202218.assetbundle,8159654530395557352,Plane023,1
mod_203002.assetbundle,-6158056817686575861,Plane001,1
mod_203002.assetbundle,6307356979788677718,Mesh_0274,1
mod_203002.assetbundle,6837466585192161530,Plane001,1
mod_203008.assetbundle,-1517774234611336356,Cone001,1
mod_204002.assetbundle,-8132845854566921189,Cylinder003,1
mod_204002.assetbundle,-4256390163242300389,Cylinder002,1
mod_204002.assetbundle,-1180157622116923648,Plane001,1
mod_204002.assetbundle,5720921802418867227,Cylinder001,1
mod_204007.assetbundle,-6150582145225659907,Sphere001,1
mod_204131.assetbundle,-1523141612597820974,xh_fx_rotate_001_sm,1
mod_204147.assetbundle,-824578188864243943,Plane001,1
mod_204285.assetbundle,4439448243596376598,Mod_Plane_WF001,1
mod_205011.assetbundle,-6333826739449480203,Object004,1
mod_205011.assetbundle,-4721757688340303114,Plane015,1
mod_205011.assetbundle,-3897582844507566018,Object001,1
mod_205011.assetbundle,6419032106050665461,Object005,1
mod_205013.assetbundle,-1809741005416779013,plane001,1
mod_205013.assetbundle,-794581573384686853,plane003,1
mod_205013.assetbundle,1548265804744498397,efmesh_Cylinder_107,1
mod_205013.assetbundle,5072605570583802619,plane002,1
mod_205013.assetbundle,8768965746701415163,plane004,1
mod_205023.assetbundle,-8573095222547533711,mod_205023_YY011,1
mod_205023.assetbundle,-7518961040523480975,mod_205023_YY005,1
mod_205023.assetbundle,-5984593853322973071,mod_205023_YY007,1
mod_205023.assetbundle,-5114973866560730863,Cylinder001,1
mod_205023.assetbundle,-4985907899537051535,mod_205023_YY002,1
mod_205023.assetbundle,-4038120679551356815,mod_205023_YY001,1
mod_205023.assetbundle,-3175826243223637903,mod_205023_YY008,1
mod_205023.assetbundle,-2855695529245715500,Plane001,1
mod_205023.assetbundle,-1587821335802105743,mod_205023_YY012,1
mod_205023.assetbundle,-828386166037499791,mod_205023_YY009,1
mod_205023.assetbundle,3014858681470398577,mod_205023_YY003,1
mod_205023.assetbundle,4326279933064949873,mod_205023_YY006,1
mod_205023.assetbundle,6543431445539500145,mod_205023_YY004,1
mod_205023.assetbundle,8607139167129022577,mod_205023_YY010,1
mod_205033.assetbundle,-8240625836171836587,Plane002,1
mod_205033.assetbundle,2725896493220387613,Plane002,1
mod_205033.assetbundle,3559337530241428738,plane003,1
mod_205033.assetbundle,4102156646311236270,xuli,1
mod_205041.assetbundle,-5929512106954712639,Plane042,1
mod_205041.assetbundle,-2240545505495832365,Cylinder003,1
mod_205043.assetbundle,-8767623972947420446,Sphere002,1
mod_205043.assetbundle,-8711922610777285918,Sphere001_1,1
mod_205043.assetbundle,-8685852335330298225,Plane005_half,1
mod_205043.assetbundle,-8054857653735081790,Sphere001,1
mod_205043.assetbundle,-6544531513078593040,Sphere001,1
mod_205043.assetbundle,-6097276719452710174,Partner_205043_change_Beishi_002,1
mod_205043.assetbundle,-4149458198215739198,Plane001,1
mod_205043.assetbundle,-1914860305039242768,Sphere001_half_2,1
mod_205043.assetbundle,-1328440876350170398,Sphere001,1
mod_205043.assetbundle,-1227635188592281969,Plane005,1
mod_205043.assetbundle,496084437222946447,Plane005_02,1
mod_205043.assetbundle,5062895443134878603,Plane001,1
mod_205043.assetbundle,5551810169449321355,Plane002,1
mod_205043.assetbundle,7427242153461422818,Plane001,1
mod_205043.assetbundle,7693174396349949797,RoleWeapon_301012_WD001,1
mod_205043.assetbundle,7857702000938961392,Plane002,1
mod_205043.assetbundle,8597289748940638704,Sphere001_half,1
mod_205043.assetbundle,8780355315830317978,Plane001,1
mod_205043.assetbundle,9036578127921673871,Plane005_4_1,1
mod_205043.assetbundle,9140006808184096620,Sphere002,1
mod_205053.assetbundle,-6808999052365383449,mod_205053_YY003_LOD1,1
mod_205053.assetbundle,-5752647036754167915,mod_205053_YY013,1
mod_205053.assetbundle,-5061894825656813675,mod_205053_YY011,1
mod_205053.assetbundle,-3628022696634926873,mod_205053_YY013_LOD1,1
mod_205053.assetbundle,-2578570480922773273,mod_205053_YY002_LOD1,1
mod_205053.assetbundle,-2225163419146946667,mod_205053_YY007,1
mod_205053.assetbundle,-2095137706241394795,mod_205053_YY002,1
mod_205053.assetbundle,-1608070500377020185,mod_205053_YY012_LOD1,1
mod_205053.assetbundle,-1176037353294104683,mod_205053_YY001,1
mod_205053.assetbundle,-700104130607433497,mod_205053_YY008_LOD1,1
mod_205053.assetbundle,-144551223535257369,mod_205053_YY006_LOD1,1
mod_205053.assetbundle,100121739603244949,mod_205053_YY005,1
mod_205053.assetbundle,398481384524183445,mod_205053_YY009,1
mod_205053.assetbundle,467012398439823253,mod_205053_YY006,1
mod_205053.assetbundle,3524385339266513127,mod_205053_YY001_LOD1,1
mod_205053.assetbundle,3860894212899354855,mod_205053_YY007_LOD1,1
mod_205053.assetbundle,5353002446131591061,mod_205053_YY003,1
mod_205053.assetbundle,6104409753809205479,mod_205053_YY004_LOD1,1
mod_205053.assetbundle,6321278401815410581,mod_205053_YY004,1
mod_205053.assetbundle,6396045963515623317,mod_205053_YY012,1
mod_205053.assetbundle,6586534921063250151,mod_205053_YY010_LOD1,1
mod_205053.assetbundle,6614327359567036890,Sphere001,1
mod_205053.assetbundle,7193782283978225895,mod_205053_YY009_LOD1,1
mod_205053.assetbundle,7564477431507466471,mod_205053_YY011_LOD1,1
mod_205053.assetbundle,7848610352539777255,mod_205053_YY005_LOD1,1
mod_205053.assetbundle,7970022124854343573,mod_205053_YY008,1
mod_205053.assetbundle,9024493287437137813,mod_205053_YY010,1
mod_205063.assetbundle,-1769377623424929692,Sphere001,1
mod_205073.assetbundle,6382928607881696116,Plane001,1
mod_205093.assetbundle,-1435105976828289790,mod_205093_yy_03,1
mod_205093.assetbundle,4225493048668658946,mod_205093_yy_04,1
mod_205093.assetbundle,5633388832726654210,mod_205093_yy_02,1
mod_205093.assetbundle,5753040221910539522,mod_205093_yy_01,1
mod_205093.assetbundle,7970793533170982146,mod_205093_yy_05,1
mod_205103.assetbundle,-6000939766454767321,EF_Plane_005,1
mod_205103.assetbundle,4689273745259914852,Plane001,1
mod_205111.assetbundle,-7260788807464953192,Plane022,1
mod_205111.assetbundle,-2502495116603011718,Plane029,1
mod_205111.assetbundle,-2172560247019821864,Plane023,1
mod_205111.assetbundle,5170408701235604154,Plane013,1
mod_205111.assetbundle,5326559909778318849,Plane007,1
mod_205111.assetbundle,6259003324438785571,Plane032,1
mod_205111.assetbundle,7615546448772565702,Plane008,1
mod_205111.assetbundle,7928721262149185446,Plane033,1
mod_205113.assetbundle,-8442573379627557673,Plane032,1
mod_205113.assetbundle,-8119947262746583694,Plane061,1
mod_205113.assetbundle,5812682590753527735,Plane037,1
mod_205123.assetbundle,-2659642637914334596,Plane012,1
mod_205123.assetbundle,441914092593326675,Plane003,1
mod_205123.assetbundle,2844570419752661770,Plane004,1
mod_205123.assetbundle,8005096097590740805,Plane001,1
mod_205163.assetbundle,-8261874827531734905,Sphere002,1
mod_205172.assetbundle,1288090381967996952,stone002,1
mod_205172.assetbundle,4945366910803621912,stone001,1
mod_205172.assetbundle,5712333721160528424,Plane001,1
mod_205173.assetbundle,-5231257526835800188,Plane001,1
mod_205173.assetbundle,3166969401677467680,Sphere001,1
mod_205173.assetbundle,7708322859908681760,Sphere002,1
mod_205183.assetbundle,-8867956802594047219,DG002,1
mod_205183.assetbundle,-7715291662383270274,Plane003,1
mod_205183.assetbundle,-1857941338779780559,Plane001,1
mod_205183.assetbundle,-1550926837462419842,Sphere001,1
mod_205183.assetbundle,3621040446421513854,Plane004,1
mod_205183.assetbundle,5257540599676326686,DG001,1
mod_205183.assetbundle,7947200195464611868,DG002,1
mod_205183.assetbundle,9137868497488038179,DG001,1
mod_205191.assetbundle,-4043889328410453222,Cylinder001,1
mod_205191.assetbundle,5443663482144242994,Cylinder001,1
mod_205191.assetbundle,7527673624996991269,J_Electricity_B_10,1
mod_205193.assetbundle,-6536805109703285922,Plane003,1
mod_205193.assetbundle,-6489552501621858236,Plane030,1
mod_205193.assetbundle,-3069311904473246508,Plane016,1
mod_205193.assetbundle,-758394544419210593,sd02,1
mod_205193.assetbundle,364391384894444691,Plane028,1
mod_205193.assetbundle,1672662559387581087,sd03,1
mod_205193.assetbundle,2790496126677022918,MonkeyKing_01_cloud,1
mod_205193.assetbundle,3483763131602770849,Plane007,1
mod_205193.assetbundle,6029346186962425846,Plane002,1
mod_205193.assetbundle,6029678943255658324,Plane015,1
mod_205193.assetbundle,6170583680693610940,Plane032,1
mod_205193.assetbundle,7070538390738336415,sd01,1
mod_205201.assetbundle,-4931733998968848118,Plane002,1
mod_205201.assetbundle,8477091396631523082,Mod_161101_skill005_1_CZK_018,1
mod_205211.assetbundle,-7124591571529225816,Plane001,1
mod_205211.assetbundle,9149249808403023910,Plane003,1
mod_205213.assetbundle,-5219589809052382392,Plane001,1
mod_205213.assetbundle,-2601600665808467128,Sphere001,1
mod_205223.assetbundle,-6156122739004868434,Plane002,1
mod_205223.assetbundle,-5964766221283605646,Bend001,1
mod_205223.assetbundle,-2625326762356815443,Cylinder002,1
mod_205223.assetbundle,5197744240416098544,guiji02,1
mod_205223.assetbundle,6585612761749883120,guiji01,1
mod_205223.assetbundle,8289000723772202322,Plane004,1
mod_205231.assetbundle,-3229248832260246403,Partner_205231_jiufeng_effect012,1
mod_205231.assetbundle,424418758923926756,001,1
mod_205233.assetbundle,-775904727479624887,Plane008,1
mod_205233.assetbundle,4515594818781011984,Plane008,1
mod_206001.assetbundle,7274622735539500522,Object002,1
mod_206001.assetbundle,8958572462424323562,Object001,1
mod_207004.assetbundle,7080227748500420016,Sphere001,1
mod_207103.assetbundle,-8951700585407720361,Plane001,1
mod_207103.assetbundle,-2155077530743235006,Plane001,1
mod_207104.assetbundle,-3384382427062345184,Box001,1
mod_207104.assetbundle,-288131335295278560,Box002,1
mod_207107.assetbundle,-6698567883668989856,004,1
mod_207107.assetbundle,1725616026646976245,mod_207107_WGY009,1
mod_207107.assetbundle,3701446843601413794,mod_207107_WGY013,1
mod_207107.assetbundle,8459475754312397136,mod_207107_WGY011,1
mod_207108.assetbundle,-3619511905330384772,Cylinder001,1
mod_207108.assetbundle,7058680043522483845,Plane001,1
mod_207112.assetbundle,-7959036151671344246,Plane017,1
mod_207112.assetbundle,-3392548119553997988,plane002,1
mod_207112.assetbundle,3885664871336408792,Plane001,1
mod_207112.assetbundle,4540267504795145771,Plane001,1
mod_207112.assetbundle,7082457478617195735,Mod_205001_CZK018,1
mod_207112.assetbundle,8592122873082493721,Plane001,1
mod_207113.assetbundle,-2740803888478680121,Cylinder001,1
mod_207513.assetbundle,-3540478698791090277,yqwl_fx_ring_001_sm,1
mod_207513.assetbundle,4263349969734681142,Cone001,1
mod_207602.assetbundle,-5969283900429413300,Plane002,1
mod_207602.assetbundle,-5644826108249269295,Plane001,1
mod_208001.assetbundle,4156457489770633346,Plane005,1
mod_208050.assetbundle,8512910957322400682,Plane001,1
mod_208058.assetbundle,-4770884254318521530,Plane005,1
mod_209009.assetbundle,-1148297115393326510,Plane001,1
mod_209023.assetbundle,-8468604670724782474,TailEffect11135_High_01,1
mod_209027.assetbundle,-9004093161473886150,1,1
mod_209027.assetbundle,-6260832131144307787,004,1
mod_209027.assetbundle,-5848835691130881239,Mod_209032_WGY002,1
mod_209027.assetbundle,-5511332731511827200,yqwl_fx_ring_001_sm,1
mod_209027.assetbundle,-3798809720483102620,TX_mianpian_504,1
mod_209027.assetbundle,-970947992883123275,005,1
mod_209027.assetbundle,-876147634381887086,Mod_151245_WF104,1
mod_209027.assetbundle,-581961772914653380,Mod_209026_WF007,1
mod_209027.assetbundle,1262570466654490221,Mod_209026_WF003,1
mod_209027.assetbundle,1470365215942552501,003,1
mod_209027.assetbundle,3205159449667283893,006,1
mod_209027.assetbundle,5607865872582355893,007,1
mod_209027.assetbundle,6441931537715843214,yuanpian_011,1
mod_209027.assetbundle,8513409769989450677,002,1
mod_209027.assetbundle,8852744362973834165,001,1
mod_209030.assetbundle,-5148753574397762078,Plane001,1
mod_209030.assetbundle,3754055560421373967,Plane003,1
mod_209031.assetbundle,2931107868591746803,Mod_205001_CZK003,1
mod_209032.assetbundle,-6597601550055518339,Quan_wl,1
mod_209032.assetbundle,-4391246854635713559,Mod_209026_WF002,1
mod_209032.assetbundle,6969314514828162141,Cylinder003,1
mod_209033.assetbundle,-5176196030376332263,Plane001,1
mod_209036.assetbundle,-6031524463312133937,Mod_209036_long_CZK005,1
mod_209036.assetbundle,-4700647618667996471,Mod_209036_jian_CZK008,1
mod_209036.assetbundle,-1597736063167432374,Mod_209036_long_CZK004,1
mod_209036.assetbundle,3555623631240149170,Mod_209036_jian_CZK005,1
mod_210002.assetbundle,3737437246855874068,Plane006,1
mod_210003.assetbundle,-626084837990356281,Plane001,1
mod_210003.assetbundle,215053654002236786,Plane001,1
mod_210005.assetbundle,7583568500801822363,Plane001,1
mod_210005.assetbundle,8141708290487070183,Plane001,1
mod_210005.assetbundle,8838500452914660415,Waist_210005_shengdun,1
mod_210008.assetbundle,4425034463141650434,810004_fq_hailuo_002,1
mod_212005.assetbundle,3828202841305735053,water001,1
mod_213005.assetbundle,-2366365718450604706,Sphere001,1
mod_213005.assetbundle,2452415549652304930,Cylinder002,1
mod_214003.assetbundle,123329969779906226,Plane001,1
mod_214004.assetbundle,-4432994068117778063,Plane002,1
mod_214004.assetbundle,1562433923434287473,Plane001,1
mod_214005.assetbundle,-1114140655780011997,Cylinder001,1
mod_214005.assetbundle,1248999152052601631,Cylinder001,1
mod_215005.assetbundle,-6862590309180756231,Sphere002,1
mod_215005.assetbundle,-673412965482305592,RoleWeapon_301012_WD017,1
mod_215005.assetbundle,162440074910074191,RoleWeapon_301012_WD012,1
mod_215005.assetbundle,2351438160630682017,Plane002,1
mod_215005.assetbundle,2444933754016520151,Plane013,1
mod_215103.assetbundle,4233507765716222622,HiddenWeapon_303226_gongting_trail_S005,1
mod_215107.assetbundle,-8226177288473225881,Plane001,1
mod_215107.assetbundle,-1718350226282440743,Plane001,1
mod_215107.assetbundle,4028207661108565977,Plane002,1
mod_215110.assetbundle,-4199338847463045513,Sphere002,1
mod_215114.assetbundle,-8905381646648235149,Plane001,1
mod_215118.assetbundle,-8895453388017174783,Mod_Ring01,1
mod_215128.assetbundle,4361462589020497616,Plane001,1
mod_215131.assetbundle,-9078110036261629693,HiddenWeapon_303237_wushi_fire_S003,1
mod_215159.assetbundle,-6863598175770983719,Sphere001,1
mod_215159.assetbundle,4288973445968123863,Plane001,1
mod_215164.assetbundle,-6572124672724929513,Common_plane_F001,1
mod_215164.assetbundle,-2959720691989943817,mesh_xuanzhuan01,1
mod_215164.assetbundle,-31897634880073593,GodArtifact08,1
mod_215179.assetbundle,-343470651327400239,Sphere001,1
mod_215182.assetbundle,1264409968655271701,dan,1
mod_216001.assetbundle,9100840273075202696,Plane002,1
mod_217001.assetbundle,-7889423164485516152,Plane005,1
mod_217001.assetbundle,-7750446468952693486,Sword_216017_shenjian,1
mod_217001.assetbundle,1263727469671583882,Plane001,1
mod_217002.assetbundle,5346731154743260039,Plane001,1
mod_217004.assetbundle,-8527581075219794346,Plane014,1
mod_217004.assetbundle,-1736722035051511266,Plane002,1
mod_220007.assetbundle,-3720727705961486079,Cone001,1
mod_220007.assetbundle,6544123305529403516,Cone001,1
mod_221002.assetbundle,-2634436447255248478,Partner_221002_xuannv_ring_S004,1
mod_221002.assetbundle,8835547145591874952,Partner_221002_xuannv_01_ring_S002,1
mod_221003.assetbundle,-2099662908574408627,Partner_221003_xuannv_weapon_ring_S004,1
mod_221003.assetbundle,4704841521656401383,Partner_221003_xuannv_weapon_ring_S002,1
mod_226003.assetbundle,-1875050637124607932,Mod_226003_WD003,1
mod_226003.assetbundle,-905378235974933563,Mod_226003_WD001,1
mod_226003.assetbundle,-751985114433701140,Fx_Yuanhuan_006,1
mod_226003.assetbundle,4785443897935948954,Mod_226003_WD002,1
mod_226004.assetbundle,1772631666500466545,Mount_226004_WD002,1
mod_226005.assetbundle,8611373146293857023,Fx_Cone01,1
mod_227001.assetbundle,5272336326471992256,Mod_Ring02,1
mod_227012.assetbundle,-1693740480429927302,Cylinder001,1
mod_227012.assetbundle,8813919881623399665,Cylinder001,1
mod_227013.assetbundle,-3740566499239107249,SM_Place_105_I,1
mod_227013.assetbundle,-1355263382951549833,Plane003,1
mod_227013.assetbundle,473417996487995491,Cylinder003,1
mod_235003.assetbundle,-4424654438894448302,Plane001,1
mod_235005.assetbundle,-4154420945539940260,Plane001,1
mod_30014.assetbundle,-8148326983355642009,003,1
mod_30014.assetbundle,2006155668849866320,Sphere001,1
mod_30025.assetbundle,-7307608515833636331,Box001,1
mod_30025.assetbundle,677702660269028036,131101_M001,1
mod_30028.assetbundle,-3886970272894758342,Cast_Plane_004,1
mod_30029.assetbundle,-3086437160861178395,131101_M001,1
mod_30031.assetbundle,-8399106931740083646,Cylinder001,1
mod_301004.assetbundle,885610031037238004,Plane005,1
mod_301004.assetbundle,2287556552470904309,Plane001,1
mod_301005.assetbundle,-3487728115293276774,Sphere001,1
mod_301005.assetbundle,4644876781485521247,Plane001,1
mod_301006.assetbundle,-182963826395212861,Plane001,1
mod_301007.assetbundle,-6913205338011383970,Sphere001,1
mod_301007.assetbundle,-3623574024276475225,Plane001,1
mod_301008.assetbundle,-2209399371159446811,Sphere001,1
mod_301009.assetbundle,-9038976480377598960,Mod_301009_WD_006,1
mod_301009.assetbundle,-2214687871815832162,Mod_301009_WD_007,1
mod_301009.assetbundle,708381942317825793,Mod_301009_WD_005,1
mod_301009.assetbundle,1031388026779849405,Mod_301009_WD011,1
mod_301011.assetbundle,1338081748838482917,Sphere001,1
mod_301012.assetbundle,-4623196049880248643,RoleWeapon_301012_WD001,1
mod_301012.assetbundle,-1518469673281993168,RoleWeapon_301012_WD018,1
mod_301012.assetbundle,-1443671635126988500,RoleWeapon_301012_WD012,1
mod_301013.assetbundle,-6611915104704763098,Loft002,1
mod_301013.assetbundle,-2716099401693773340,Object001,1
mod_301013.assetbundle,-1640293730654366405,Loft002,1
mod_301013.assetbundle,337096660058139430,Loft001,1
mod_301013.assetbundle,1844689389071965923,Plane001,1
mod_301013.assetbundle,3305881647675301154,Plane001,1
mod_301013.assetbundle,5685177774907663682,Sphere001,1
mod_301013.assetbundle,6370700909989254459,Loft001,1
mod_301013.assetbundle,7827846932361323841,Mesher001,1
mod_301021.assetbundle,-6024283647229165059,Plane001,1
mod_301024.assetbundle,-3400644288993054704,Plane002,1
mod_301025.assetbundle,-3805848460929635490,Sphere003,1
mod_301025.assetbundle,-166315275054781602,Sphere001,1
mod_301029.assetbundle,-8175469697020504756,Plane001,1
mod_301029.assetbundle,-6200147505147716988,Object001,1
mod_301036.assetbundle,-7880048531795576379,Plane001,1
mod_301036.assetbundle,1675174035983404394,Cylinder001,1
mod_301036.assetbundle,7146659156908341701,Plane002,1
mod_301039.assetbundle,-4128833593656576463,Sphere001,1
mod_301039.assetbundle,5038687178141935586,Cylinder001,1
mod_301039.assetbundle,6043356332047484056,Cylinder001,1
mod_301042.assetbundle,-4592648652592345976,Sphere001,1
mod_301042.assetbundle,-1490596012387314275,Sphere001,1
mod_301045.assetbundle,2343384271379907641,Sphere001,1
mod_301045.assetbundle,6394544431820810102,Box001,1
mod_301046.assetbundle,-7168833446534836839,Tube001,1
mod_301046.assetbundle,-1818842065160284085,Plane002,1
mod_301046.assetbundle,1735572230254387680,Cylinder001,1
mod_301113.assetbundle,-5738321986582196220,Sphere001,1
mod_301113.assetbundle,6683769987571798020,Sphere002,1
mod_302003.assetbundle,-3921540084799481422,Sphere001,1
mod_302005.assetbundle,5486411035877338149,Plane001,1
mod_302012.assetbundle,3979141321550882135,Plane001,1
mod_302012.assetbundle,4299875597883961577,Plane001,1
mod_302112.assetbundle,-3995328536514191809,Plane004,1
mod_302112.assetbundle,-3318285058932913225,Mount_302112_H002_LY001,1
mod_302112.assetbundle,2828751428289568462,Plane001,1
mod_302112.assetbundle,8445249980759227284,Plane002,1
mod_302113.assetbundle,883353306598664162,Plane001,1
mod_302117.assetbundle,-6067834806967662348,Plane001,1
mod_302117.assetbundle,-1856923112299432288,Plane001,1
mod_302117.assetbundle,-542646117268055471,Box001,1
mod_302117.assetbundle,-521830722392614319,Object001,1
mod_302118.assetbundle,-5388272620559570937,mod_pian,1
mod_302118.assetbundle,-2536291091153517660,mod_plane_s8,1
mod_302118.assetbundle,6583945115196569662,Fx_xq_llx_Plane10,1
mod_302120.assetbundle,6848175690540033366,Mod_Cone01,1
mod_302124.assetbundle,-3082583667729822683,Sphere001,1
mod_302129.assetbundle,4927070152599255859,Cylinder001,1
mod_302131.assetbundle,-107898047641269675,001,1
mod_302131.assetbundle,1355168582263958712,Torus001,1
mod_302131.assetbundle,1751424621986153777,Mount_302131_shenlong,1
mod_302131.assetbundle,4274866942889307804,Mount_302131_shenlong,1
mod_302131.assetbundle,5328940869510245662,Mount_302131_shenlong,1
mod_302131.assetbundle,7873233042810915993,Mount_302131_shenlong,1
mod_302131.assetbundle,7925965136482221636,Horse_201012_xuebao_003,1
mod_302134.assetbundle,-825923854571821208,Plane001,1
mod_302134.assetbundle,6786992933938280599,Plane001,1
mod_302136.assetbundle,7657265853980180835,Plane002,1
mod_302139.assetbundle,-2335902512627795198,Plane001,1
mod_302139.assetbundle,3255692364354612838,Plane002,1
mod_302139.assetbundle,4179353622768370737,Cylinder001,1
mod_302148.assetbundle,7236653732368634425,Sphere001,1
mod_302154.assetbundle,-6274858958418568972,Plane001,1
mod_302157.assetbundle,479857332614047892,Plane002,1
mod_302157.assetbundle,1088566251487692631,Plane001,1
mod_302157.assetbundle,5802039777827169615,Sphere001,1
mod_302160.assetbundle,-4554864924504240761,Plane001,1
mod_302160.assetbundle,-3148720932140292459,Plane001,1
mod_302160.assetbundle,277290004043798268,Plane_06,1
mod_302164.assetbundle,-2241171379004794107,eff_hgy_021,1
mod_302164.assetbundle,4883115076534846959,eff_hgy_018,1
mod_302165.assetbundle,5348495638859506302,ball,1
mod_302166.assetbundle,8520702981514786335,m_liu_506,1
mod_302168.assetbundle,-2556515917468145929,Mount_302168_feijian_plane_S003,1
mod_302168.assetbundle,5990230129578828165,Mount_302168_feijian_plane_S002,1
mod_302169.assetbundle,-6808248943330317111,Mount_302169_shanxiao_eye_S001,1
mod_302169.assetbundle,-6498513933260106078,Mount_302169_shanxiao_plane_S010,1
mod_302169.assetbundle,-3118842180894930312,Mount_302169_shanxiao_shanfeng_S005,1
mod_302169.assetbundle,3835612332955252252,Mount_302169_shanxiao_plane_S004,1
mod_302169.assetbundle,5846747841561914799,Mount_302169_shanxiao_plane_S001,1
mod_302169.assetbundle,5890016728305895793,Mount_302169_shanxiao_shanfeng_S004,1
mod_302171.assetbundle,-4945132511871068839,Mount_302171_bawanglong_plane_S010,1
mod_302171.assetbundle,-2160655459977829965,Mount_302171_bawanglong_plane_S001,1
mod_302171.assetbundle,2262483266729180585,Mount_302171_bawanglong_ring_S001,1
mod_302171.assetbundle,8484206926528036207,Mount_302171_bawanglong_plane_S007,1
mod_302172.assetbundle,-8546882738479805565,Object001,1
mod_302172.assetbundle,-6286016214179409774,Cylinder001,1
mod_302172.assetbundle,-3755425662733481955,Box001,1
mod_302172.assetbundle,1113927595356251316,Sphere002,1
mod_302172.assetbundle,1349396170897133714,Cylinder002,1
mod_302172.assetbundle,2911188966933293030,Plane001,1
mod_302172.assetbundle,6485713594526423462,Sphere001,1
mod_302173.assetbundle,-955605942702672958,Cylinder001,1
mod_302174.assetbundle,6849329499721974058,huan_S001,1
mod_302175.assetbundle,-1929197512428621336,Bend001,1
mod_302175.assetbundle,2169637358080326114,Plane007,1
mod_302175.assetbundle,4527347089367009137,Plane011,1
mod_302175.assetbundle,6539453056009078641,Plane012,1
mod_302175.assetbundle,8494394604131878769,Plane013,1
mod_302177.assetbundle,-5024487625878301218,Plane003,1
mod_302177.assetbundle,-3131719578944609824,Cylinder001,1
mod_302177.assetbundle,5842964112052795811,Plane031,1
mod_302177.assetbundle,6515386200218103970,Plane013,1
mod_302177.assetbundle,7442340238791453074,Plane043,1
mod_302180.assetbundle,1921919996218182101,Plane006,1
mod_302185.assetbundle,-9211881826327683267,Plane002,1
mod_302185.assetbundle,-4287033549057215428,Sphere002,1
mod_302185.assetbundle,-2661489251090466610,Plane001,1
mod_302185.assetbundle,1950466888239230263,11,1
mod_302185.assetbundle,9095573169902404820,11,1
mod_302187.assetbundle,331005116812817125,Plane003,1
mod_302187.assetbundle,576034613746439524,Plane005,1
mod_302187.assetbundle,1964915629922641885,Cylinder001,1
mod_302189.assetbundle,1487351970708664833,qiliu,1
mod_302190.assetbundle,-3181750980306026559,1044_mesh_wb_003,1
mod_302190.assetbundle,1966210038744108970,Plane001,1
mod_302190.assetbundle,5647860229232455314,Cone001,1
mod_302191.assetbundle,-3069203691659318783,Plane007,1
mod_302200.assetbundle,3649045140538780958,Sphere001,1
mod_302206.assetbundle,-8980675308678010630,Plane001,1
mod_302206.assetbundle,-7381539857729029929,Mount_302206_guizu,1
mod_302206.assetbundle,-5773419842349572605,default,1
mod_302206.assetbundle,-5198913067833382849,001,1
mod_302206.assetbundle,-4246432060163624746,Cone002,1
mod_302206.assetbundle,-2122935906659921247,Mount_302206_guizu,1
mod_302206.assetbundle,-1352508327752772661,001,1
mod_302206.assetbundle,1446796431774705032,Mount_302206_guizu,1
mod_302206.assetbundle,2774503594567528662,Cone003,1
mod_302206.assetbundle,4372223222534762710,Cone001,1
mod_302206.assetbundle,6709350381621003156,Cone001,1
mod_302206.assetbundle,7494544095551821537,002,1
mod_302208.assetbundle,5650838144515564621,Plane_09,1
mod_302216.assetbundle,-2157824580094645714,Mount_302216_haidao_trail_S009,1
mod_302218.assetbundle,4662487392276861920,chelun_1,1
mod_302220.assetbundle,5451632376295337063,Cylinder001,1
mod_302221.assetbundle,-8155012274109597108,Cylinder001,1
mod_302221.assetbundle,-3767207623685621899,zyl_Plane012,1
mod_302222.assetbundle,-2952830891292988036,Plane001,1
mod_302223.assetbundle,-4470606480288850351,Plane002,1
mod_302224.assetbundle,-4285165542297798306,Plane006,1
mod_302224.assetbundle,-2872892641129997327,Sphere001,1
mod_302224.assetbundle,3669195615750827947,Plane002,1
mod_302224.assetbundle,6222020176039968923,Plane005,1
mod_302225.assetbundle,6089093439759386193,fz_mx05,1
mod_302228.assetbundle,-7914905004066675287,Cylinder001,1
mod_302233.assetbundle,2317542638241610006,Plane002,1
mod_302241.assetbundle,3633816847076529901,Plane001,1
mod_302249.assetbundle,9115825167761454058,Plane001,1
mod_302252.assetbundle,-5521250146977273323,Plane001,1
mod_302255.assetbundle,-9082904326263185203,Cylinder002,1
mod_302255.assetbundle,-1453784424556749000,Plane008,1
mod_302255.assetbundle,-544892733576136491,Plane005,1
mod_302255.assetbundle,5505241925842646061,Plane007,1
mod_302255.assetbundle,6978907290325772849,plane005,1
mod_303002.assetbundle,-6180919485689576745,Helix001,1
mod_303002.assetbundle,-106038323347094079,Mount_303002_shanhai_plane_S005,1
mod_303005.assetbundle,-160119722060889976,Plane002,1
mod_303006.assetbundle,-1713678070245677054,Plane001,1
mod_303007.assetbundle,-8604517722707617134,Plane002,1
mod_303007.assetbundle,-2006986406483341354,Plane2x2,1
mod_303007.assetbundle,1099856252191293394,Plane001,1
mod_303007.assetbundle,1561385389931024342,Cylinder001,1
mod_303009.assetbundle,-4796844741840779392,Sphere001,1
mod_303009.assetbundle,8228278845543534615,PATH,1
mod_303010.assetbundle,-8403876748506703058,Plane005,1
mod_303010.assetbundle,4733965372152404782,Mesher002,1
mod_303108.assetbundle,-2518247396130297244,Plane003,1
mod_303108.assetbundle,3435328955014638180,Plane001,1
mod_303115.assetbundle,-5614888462347375629,HiddenWeapon_303115_fire_S001,1
mod_303115.assetbundle,-585555221553788583,HiddenWeapon_303115_wenli_S001,1
mod_303115.assetbundle,3398671086797781640,HiddenWeapon_303115_wenli_S002,1
mod_303116.assetbundle,7532263948260218053,Plane001,1
mod_303120.assetbundle,-6295562240980719430,Plane001,1
mod_303122.assetbundle,7444225704216700073,huan01,1
mod_30316.assetbundle,-6680409027619303214,Plane001,1
mod_30316.assetbundle,-6138137708001440744,R9_E3207,1
mod_30316.assetbundle,-165425998596494584,Plane006,1
mod_30316.assetbundle,9217433764972035750,R9_E3208,1
mod_303202.assetbundle,-5031232923982393905,000,1
mod_30321.assetbundle,1912000222627228991,cjb_qiuqiu_wjf_01,1
mod_30321.assetbundle,3577187200059870183,Plane001,1
mod_303217.assetbundle,9188906228568985986,yuan01,1
mod_303219.assetbundle,-7060452215644248939,Loft004,1
mod_303221.assetbundle,-332710678037199506,Cylinder001,1
mod_303221.assetbundle,2381145303305005295,Cone001,1
mod_303224.assetbundle,-3353007585623906058,Plane001,1
mod_303224.assetbundle,152250254221276771,Plane001,1
mod_303230.assetbundle,-181246329626777310,Plane003,1
mod_303234.assetbundle,4358594011012606770,HiddenWeapon_303234_niuzai_ring_S001,1
mod_303236.assetbundle,1131398359530642031,yuanpian_011,1
mod_303236.assetbundle,1247365916661560160,HiddenWeapon_303236_diwang_High_LY001,1
mod_303236.assetbundle,6085644016851888187,E3D-Curve-Helix26,1
mod_303246.assetbundle,-1956617857277210713,ring_02,1
mod_303246.assetbundle,235282252951949749,Plane001,1
mod_303246.assetbundle,4269009730642549416,Plane001,1
mod_304004.assetbundle,5975732731114814752,Plane001,1
mod_304012.assetbundle,-2199077441669824807,Plane001,1
mod_304116.assetbundle,7545775535656258661,Sphere001,1
mod_304124.assetbundle,-7909372527440252569,Plane004,1
mod_304124.assetbundle,6711533846294477469,Plane001,1
mod_304131.assetbundle,6118990226874074986,Wing_304131_shousong_01_plane_S004,1
mod_304132.assetbundle,-4162824707172691101,HiddenWeapon_304132_plane_S008,1
mod_304151.assetbundle,-2909363984056889808,Plane005,1
mod_304151.assetbundle,4029091420986287618,Plane006,1
mod_304151.assetbundle,5275236815414838289,Plane003,1
mod_304161.assetbundle,931217029117021137,chibang_5,1
mod_304209.assetbundle,-4836853221186723314,yuan_09,1
mod_304209.assetbundle,-4337208373421135513,ring_080,1
mod_304214.assetbundle,-762561105701180855,Box001,1
mod_304226.assetbundle,-526549554286043087,Wing_304226_gongting_plane_S002,1
mod_304230.assetbundle,910791925822239619,Wing_304230_zhanjia_plane_S001,1
mod_304230.assetbundle,9036317337488993697,Wing_304230_zhanjia_plane_S009,1
mod_304231.assetbundle,-7742800947459445866,Plane001,1
mod_304231.assetbundle,4601086413112720519,Plane001,1
mod_304233.assetbundle,-2484664080427545127,Plane001,1
mod_304233.assetbundle,931113428044548038,Plane001,1
mod_304235.assetbundle,3792772466200491972,Box001,1
mod_304239.assetbundle,-299319424374036606,Box003,1
mod_304239.assetbundle,2522200122904520578,Box001,1
mod_304239.assetbundle,6308402562474747778,Box002,1
mod_304239.assetbundle,6422712599142115202,Box004,1
mod_304247.assetbundle,-3297544535017594799,Plane003,1
mod_304247.assetbundle,7044971446760920326,Plane001,1
mod_305002.assetbundle,4273182169142764019,Box001,1
mod_305002.assetbundle,7997898406227517098,a000,1
mod_305006.assetbundle,3617033427657497056,TailEffect11070_High_2,1
mod_305007.assetbundle,7970619855876492236,Loft001,1
mod_305013.assetbundle,-4483129001047777666,Partner_213001_change_T001,1
mod_305013.assetbundle,-3541959962181001602,Partner_213001_change_body,1
mod_305013.assetbundle,-1418144822825148802,Partner_213001_change_body_1,1
mod_305014.assetbundle,823357828118307096,Line002,1
mod_306005.assetbundle,7307877713225248583,Plane001,1
mod_307004.assetbundle,5122024213956099425,Cylinder001,1
mod_307005.assetbundle,783414532481262293,Sphere002,1
mod_307005.assetbundle,7781048507972637947,Plane002,1
mod_307009.assetbundle,-8643227958683120211,Plane001,1
mod_307101.assetbundle,-9090473445645982943,ef_langfantian_attack02_030,1
mod_307101.assetbundle,-5472418351488838582,fx_mod_yh_pjf_001,1
mod_307101.assetbundle,-1928715755723594000,XF_03,1
mod_307101.assetbundle,1854823361286029183,Plane001,1
mod_307101.assetbundle,2000170622381736709,ring_cross_02,1
mod_307102.assetbundle,-6051325107475498418,yuanpian_011,1
mod_307102.assetbundle,3298493350211652806,c_banyuanbo001,1
mod_307102.assetbundle,5941179460808862705,ring_02,1
mod_307102.assetbundle,7995620336780220522,Cylinder001,1
mod_307105.assetbundle,-6895755513575782927,Plane001,1
mod_307106.assetbundle,-206916189969031045,Circle001,1
mod_307157.assetbundle,3758323648086430562,zyl_Plane012,1
mod_3076.assetbundle,-3993846880850212133,1,1
mod_308001.assetbundle,-5035569853101558920,Cylinder001,1
mod_308003.assetbundle,4359922968176495168,Throne_308003_shanhai_trail_S002,1
mod_310010.assetbundle,-2829499407491386290,Box001,1
mod_311010.assetbundle,-5167481462178924303,Sphere001,1
mod_313008.assetbundle,8134678807722634047,Plane001,1
mod_32013.assetbundle,-6841856343689725541,Plane001,1
mod_321083.assetbundle,7875219626475014578,Plane003,1
mod_330071.assetbundle,-2217852361080138388,star_S003,1
mod_402002.assetbundle,4563594168054687887,002,1
mod_402002.assetbundle,5620133271125164638,plane_zmm_001,1
mod_402006.assetbundle,-1662471610338761471,Plane001,1
mod_402006.assetbundle,-213002526173291813,SM_Plane_101_B,1
mod_402006.assetbundle,1816234873820333039,Cylinder002,1
mod_402006.assetbundle,3614733930379076460,SM_Cylinder_01_J,1
mod_402006.assetbundle,7240262381936559087,Cylinder001,1
mod_402006.assetbundle,7332216985157682159,Plane003,1
mod_402007.assetbundle,2403202528382304539,Cylinder001,1
mod_402007.assetbundle,7975525282544497092,Plane001,1
mod_402008.assetbundle,-7546508518202582011,Plane002,1
mod_402008.assetbundle,-6944687651296414221,Cone003,1
mod_402008.assetbundle,-6635195313061983885,Plane001,1
mod_402008.assetbundle,-5210114637690457939,J_Electricity_B_10,1
mod_402008.assetbundle,-511401152754977293,Cone001,1
mod_402008.assetbundle,674388456163688261,Object001,1
mod_402008.assetbundle,2527448607113097577,Cylinder001,1
mod_402008.assetbundle,6307771671391752278,J_Electricity_B_05,1
mod_402009.assetbundle,260435959375045952,hailang003,1
mod_402009.assetbundle,5534842108416054995,yuan_001,1
mod_402013.assetbundle,8993898456938840068,Plane002,1
mod_402014.assetbundle,-7065186582195435823,ChildBoy03ex_WB2001,1
mod_402014.assetbundle,7740804630961859448,Plane001,1
mod_402015.assetbundle,-8903839134158134895,Plane001,1
mod_402015.assetbundle,-7176090724396577515,yuanpian_011,1
mod_402015.assetbundle,-5996255000856083602,Sphere001,1
mod_402015.assetbundle,-1418588083599115475,ring02_ylc,1
mod_402015.assetbundle,348591154537052434,Sphere001,1
mod_402015.assetbundle,992717254690947950,Sphere003,1
mod_402015.assetbundle,5735732339979024848,J_Electricity_B_10,1
mod_402015.assetbundle,5817375921672831854,Sphere004,1
mod_402015.assetbundle,6214774889867225563,Plane002,1
mod_402015.assetbundle,7322621059449399771,Plane001,1
mod_402015.assetbundle,7668874097753500123,Plane003,1
mod_402015.assetbundle,7986229526948234094,Sphere002,1
mod_402017.assetbundle,-740718639361225513,Plane002,1
mod_402106.assetbundle,-1727890885990021657,Cylinder001,1
mod_402121.assetbundle,-8074630231717020223,Sphere001,1
mod_45106.assetbundle,-6232294566036913586,fx_huan_5002,1
mod_45111.assetbundle,-7644606392761696500,Plane021,1
mod_45111.assetbundle,-3718891421043012375,banyuan,1
mod_45117.assetbundle,-8206529032753474246,E3D-Vertical-Continuous3,1
mod_45126.assetbundle,6836389702302222418,Plane001,1
mod_45209.assetbundle,1292528113243980461,Plane001,1
mod_45210.assetbundle,-9199344779356274772,Plane001,1
mod_45211.assetbundle,-2713201034506064437,quan008,1
mod_46013.assetbundle,8201877309806449359,Plane003,1
mod_46016.assetbundle,-3057964820827333414,mod_hanyaling_guangzhu_1,1
mod_46037.assetbundle,3611872030374130751,Quan_wl,1
mod_502001.assetbundle,-2074687032944370064,Partner_221003_xuannv_weapon_ring_S002,1
mod_502001.assetbundle,3836650965578694883,GoodsModel_614010_baoxiang_S008,1
mod_502002.assetbundle,-4016012228070086622,Cylinder001,1
mod_502002.assetbundle,-587439885299285851,Cylinder001,1
mod_502002.assetbundle,4300760615313316382,Cylinder001,1
mod_502004.assetbundle,-4435060173435539984,Plane001,1
mod_502014.assetbundle,-3831782047678091689,Box001,1
mod_502091.assetbundle,-8196336634768517619,Plane013,1
mod_502091.assetbundle,666582608521702119,GoodsModel_502091_shitou,1
mod_503001.assetbundle,-7114009189522736166,Cylinder001,1
mod_503002.assetbundle,-4863241309730073495,Plane001,1
mod_503006.assetbundle,-4420194988122944855,Plane002,1
mod_503006.assetbundle,7232613608136526505,Plane001,1
mod_503007.assetbundle,-1867372044618447546,Plane002,1
mod_503007.assetbundle,1883676112211514477,Cylinder001,1
mod_503010.assetbundle,-857000094247343301,Tube001,1
mod_503034.assetbundle,-7643117458280858385,huan_S001,1
mod_503034.assetbundle,-7220146135683763550,Plane002,1
mod_503034.assetbundle,-4621768669949396349,Plane002,1
mod_503034.assetbundle,4954275736464642698,Sphere001,1
mod_503037.assetbundle,4042277510886676288,Cylinder001,1
mod_504088.assetbundle,-801420456019815478,mod_hanyaling_guangzhu_1,1
mod_510001.assetbundle,-6692999052074652691,Plane002,1
mod_510002.assetbundle,-7877101489467055125,Plane001,1
mod_510002.assetbundle,-6789827063313533883,Plane002,1
mod_510003.assetbundle,-5169536732338834833,Plane003,1
mod_510003.assetbundle,-1259953177832752555,Loft001,1
mod_510003.assetbundle,3354054452670948221,Plane001,1
mod_510005.assetbundle,-8318932431919861585,Plane002,1
mod_510005.assetbundle,-1862801012692750598,fx_hgz_6667,1
mod_510005.assetbundle,5726754581253010331,001,1
mod_510005.assetbundle,8967957583950887979,Plane002,1
mod_510006.assetbundle,-6599302709611248732,Plane007,1
mod_510007.assetbundle,1595176300091046482,Plane002,1
mod_510016.assetbundle,-6870004199133668760,Plane003,1
mod_510016.assetbundle,-5462200486316486614,Plane008,1
mod_520003.assetbundle,-4277187585056881228,Plane005,1
mod_520006.assetbundle,-8411788325488979160,Rectangle001,1
mod_520006.assetbundle,-6013421015451216542,Plane005,1
mod_520006.assetbundle,-4991316191017650182,Plane004,1
mod_520006.assetbundle,1208242318139173632,Mod_110345_WF005,1
mod_520006.assetbundle,1456365118312605218,Plane003,1
mod_520006.assetbundle,6012254804478784632,Plane006,1
mod_530002.assetbundle,-8094479676452365469,Plane023,1
mod_530002.assetbundle,-6191234295103267865,Plane014,1
mod_602034.assetbundle,-8836252751790307535,Plane002,1
mod_602034.assetbundle,-1271638110449793231,Cylinder002,1
mod_602039.assetbundle,-6853777582907396658,Plane041,1
mod_602039.assetbundle,-6120839320701503590,Plane008,1
mod_602039.assetbundle,-1111051914351940146,Plane081,1
mod_602039.assetbundle,2207802115259528674,stone001,1
mod_602039.assetbundle,5468748511484024022,Plane004,1
mod_609023.assetbundle,-1514860427826833209,Mod_fx_Cylinder_702,1
mod_609024.assetbundle,-1310173045076066610,ring03_hzj,1
mod_609025.assetbundle,-4948135806246399494,ring01_ylc,1
mod_609025.assetbundle,583020734122402279,ring02_ylc,1
mod_609027.assetbundle,167628774655299302,Mod_Daoguang02,1
mod_609028.assetbundle,-556704213261254235,Mod_Line301,1
mod_70001.assetbundle,3606761627856102088,Cylinder001,1
mod_701016.assetbundle,318643027230397849,Sphere002,1
mod_701016.assetbundle,3264115635651569186,mod_701016_LY001,1
mod_701016.assetbundle,6780034234364859801,Sphere001,1
mod_701016.assetbundle,7650176621009685678,Plane002,1
mod_710035.assetbundle,7430133255944000501,Plane001,1
mod_710047.assetbundle,-3081822391988600966,Plane097,1
mod_910002.assetbundle,3719048634114554284,Mod_161232_HGX003,1
mod_aerweite.assetbundle,-1380284331570436287,001,1
mod_anniu.assetbundle,-5846436606668678069,Rectangle001,1
mod_banyuan.assetbundle,9032900326621496425,Plane001,1
mod_bg.assetbundle,-7629237781840118927,Plane002,1
mod_blockcircledoor005.assetbundle,-1201080680216742354,Cylinder001,1
mod_bluecircle.assetbundle,6672612967916159165,01,1
mod_buy.assetbundle,7984171297612156730,Effects_mod_other_LY021,1
mod_c.assetbundle,-5414892299306526651,Plane_C_003,1
mod_c.assetbundle,4650513064577400164,Plane003,1
mod_card.assetbundle,7024189533924843483,Plane014,1
mod_choujiang.assetbundle,1514352310433773619,Sphere001,1
mod_chuansongmen.assetbundle,7383436471321445401,Plane002,1
mod_cj.assetbundle,4715322990642744764,Plane001,1
mod_cjb.assetbundle,-2198038801313551902,Plane003,1
mod_createrole.assetbundle,-8640874128673133521,Partiu_TCL_016,1
mod_createrole.assetbundle,-8246032659506512433,Sphere001,1
mod_createrole.assetbundle,-5335200971979614195,Plane001,1
mod_createrole.assetbundle,-4872661818761783188,Mesher002,1
mod_createrole.assetbundle,-4508214689858693012,Mesher001,1
mod_createrole.assetbundle,-3643095416749572370,Plane001,1
mod_createrole.assetbundle,-2213685220966746121,Sphere001,1
mod_createrole.assetbundle,-1873955925709891505,lian_TCL017,1
mod_createrole.assetbundle,1115252172302466511,Sphere002,1
mod_createrole.assetbundle,1340295517509616280,RoleWeapon_140201,1
mod_createrole.assetbundle,2967995090943193752,plan_TCL013,1
mod_createrole.assetbundle,3005661893857557388,pin_TCL007,1
mod_createrole.assetbundle,3939564119794850596,RoleWeapon_140201,1
mod_createrole.assetbundle,3979717462714509372,qiliu001,1
mod_createrole.assetbundle,4559157839435320565,Plane001,1
mod_createrole.assetbundle,6841584215290617176,Sphere001,1
mod_createrole.assetbundle,7775717641767883931,Plane002,1
mod_dandao.assetbundle,-1791454733716227763,Sphere001,1
mod_dandao.assetbundle,7145959179079973197,Plane002,1
mod_daojuzhanshi.assetbundle,9055771908052938073,Plane001,1
mod_dazao.assetbundle,-9138169363019920247,Plane003,1
mod_dazao.assetbundle,-5015363575578134700,Plane002,1
mod_dazao.assetbundle,6262421247716112816,Plane003,1
mod_designation.assetbundle,-4752990834935545334,Plane003,1
mod_designation.assetbundle,-3511141492359294445,Plane001,1
mod_designation.assetbundle,-1950845737538925411,Plane001,1
mod_designation.assetbundle,7497198318417027977,Plane002,1
mod_designation.assetbundle,8025139817304743329,1,1
mod_door.assetbundle,-9007889765697676254,Cylinder001,1
mod_door.assetbundle,-6846670531663236943,Cylinder003,1
mod_door.assetbundle,1532115004775395505,cylinder002,1
mod_door.assetbundle,2007586550099407025,Cylinder004,1
mod_door.assetbundle,4450713744683757745,Cylinder001,1
mod_door.assetbundle,7673850930383330338,Cylinder002,1
mod_dym001.assetbundle,-4389022294446256597,yujian,1
mod_expball.assetbundle,-964874403244776285,Sphere001,1
mod_frame.assetbundle,-8953064582445893838,Trail1Front,1
mod_frame.assetbundle,-8550658184455770840,FrontTrail,1
mod_frame.assetbundle,-7842078266551741949,Plane002,1
mod_frame.assetbundle,-7689221311375874611,Rectangle001,1
mod_frame.assetbundle,-6503502519943567722,Plane002,1
mod_frame.assetbundle,-5669614061029275996,zuanshi01_S001,1
mod_frame.assetbundle,-5413478950349160442,aa,1
mod_frame.assetbundle,-2591654100500402904,BackTrail,1
mod_frame.assetbundle,-1908729325887654094,Trail1Behind,1
mod_frame.assetbundle,-849762035993616388,3,1
mod_frame.assetbundle,1051077187927394723,Plane001,1
mod_frame.assetbundle,2475711870766511922,Trail2Behind,1
mod_frame.assetbundle,5016856058641623509,Plane001,1
mod_frame.assetbundle,7396307677203625778,Trail2Front,1
mod_frame.assetbundle,7633687445524390220,Plane002,1
mod_friend.assetbundle,-8834724331103996262,Sphere001,1
mod_friend.assetbundle,-6330291356273159826,Plane001,1
mod_fuwen.assetbundle,-6571321517766645684,NGon002,1
mod_godartifact08.assetbundle,4992340257520918200,Sphere001,1
mod_goodsmodel.assetbundle,-7791005337904822731,Cylinder001,1
mod_goodsmodel.assetbundle,-3114582973833505333,Plane018,1
mod_goodsmodel.assetbundle,-497457831614178232,gz001,1
mod_goodsmodel.assetbundle,832695472135574887,Sphere002,1
mod_goodsmodel.assetbundle,1157015170075917282,stone,1
mod_goodsmodel.assetbundle,1390141442236857848,Box001,1
mod_goodsmodel.assetbundle,2168187129288449085,mod_207107_WGY009,1
mod_goodsmodel.assetbundle,3417162307087517480,stone001,1
mod_goodsmodel.assetbundle,5110839153035091016,gz,1
mod_goodsmodel.assetbundle,5231147604613708371,Loft001,1
mod_goodsmodel.assetbundle,7075313644987258315,Plane020,1
mod_goodsmodel.assetbundle,7244838341627326490,ring01_ylc,1
mod_goodsmodel.assetbundle,7799351754372456622,Plane003,1
mod_goodsmodel.assetbundle,8642931816111838667,Plane019,1
mod_hiddenweapon.assetbundle,8203011716578409300,Plane004,1
mod_horse.assetbundle,7722233323370680745,Plane001,1
mod_hsy.assetbundle,-2662054462640433068,yinlang01,1
mod_huan.assetbundle,6711432582804522333,Plane001,1
mod_itemlight.assetbundle,-358988730164252102,Box001,1
mod_jdny.assetbundle,-3503656576260989085,Plane001,1
mod_jinlitunshi.assetbundle,-2987786533414944825,Plane007,1
mod_leichong.assetbundle,-3550390298608548633,Plane002,1
mod_lianchongxianli.assetbundle,3704374538536028054,Rectangle001,1
mod_lianchongxianli.assetbundle,8459735886069681989,Rectangle001,1
mod_linghun.assetbundle,-2065423604214468320,Plane002,1
mod_linghun.assetbundle,1324385151228209067,Cylinder001,1
mod_lingshou.assetbundle,-8215096887746670006,Plane018,1
mod_ljtb.assetbundle,-6654875742871807896,Cylinder001,1
mod_lunpan.assetbundle,12691294822576534,zhuanpan002,1
mod_lunpan.assetbundle,7983118931571240794,zhuanpan01,1
mod_luoxuanxian.assetbundle,527263118111806878,Plane002,1
mod_mianpian.assetbundle,-7776821452661950888,Plane001,1
mod_miaomi.assetbundle,-6655052852044189669,Plane002,1
mod_miaomi.assetbundle,-5873068158910342459,Sphere001,1
mod_miaomi.assetbundle,-1363678367290172619,plane,1
mod_miaomi.assetbundle,5621632991268413055,Plane005,1
mod_miwen.assetbundle,937006421156958237,Plane004,1
mod_npc.assetbundle,-3442703164764242250,Loft001,1
mod_openbox.assetbundle,3794884722126884349,Plane001,1
mod_other.assetbundle,-8332408418846722453,Effects_Other_LY011,1
mod_other.assetbundle,-4746858037983521396,Plane001,1
mod_other.assetbundle,-1547567918110574331,Effects_Other_LY033,1
mod_pinzhi.assetbundle,-5017703319497980729,Plane004,1
mod_pinzhi.assetbundle,8057713370226236126,Plane004,1
mod_pipeizhong.assetbundle,-1368863003487728586,Plane001,1
mod_plane.assetbundle,-8856335587419745023,Plane003,1
mod_plane.assetbundle,-8720100546472788832,common_plane,1
mod_plane.assetbundle,-8636934810230128056,Plane001,1
mod_plane.assetbundle,-8480875710968811657,Plane001,1
mod_plane.assetbundle,-7995825771967616093,Plane001,1
mod_plane.assetbundle,-5858365729318236313,Plane001,1
mod_plane.assetbundle,-5388885537173932595,Plane001,1
mod_plane.assetbundle,-4645017261292880550,Plane001,1
mod_plane.assetbundle,-3922448717347237217,Plane001,1
mod_plane.assetbundle,-2394998906297381312,Plane001,1
mod_renwu.assetbundle,-6476489157526422487,Plane004,1
mod_role.assetbundle,-2412871293797717862,Plane001,1
mod_sanjiaoxing.assetbundle,8338221179947298998,Plane001,1
mod_shandian.assetbundle,-5072779685319465490,sdl_2,1
mod_shenyu.assetbundle,-7562481353598164497,Plane006,1
mod_shizi.assetbundle,-4915719890209115199,Plane001,1
mod_shizi.assetbundle,-3415115223912630072,Plane002,1
mod_shizimianpian.assetbundle,8192463953813812577,mod_shuangmian001,1
mod_skill.assetbundle,-111617477765665238,UI_Skill_001_M0001,1
mod_skillicon.assetbundle,-7260401125281255129,Plane001,1
mod_sljs.assetbundle,8248449979979737823,Plane001,1
mod_taileffect10001.assetbundle,3934832250772545362,Plane001,1
mod_taileffect10001.assetbundle,6231672536879525348,Plane001,1
mod_taileffect10010.assetbundle,-3671292881447186396,Plane002,1
mod_taileffect10010.assetbundle,8772971626531885092,Plane001,1
mod_taileffect11010.assetbundle,-9067582696667609002,Plane002,1
mod_taileffect11010.assetbundle,-1394595639270975282,Plane001,1
mod_taileffect11015.assetbundle,8187402880061896543,Plane001,1
mod_taileffect11035.assetbundle,-8738174117731896482,Partner_235003_qinglong_zuoqi_Hight,1
mod_taileffect11035.assetbundle,-6765359033077337250,Partner_235003_qinglong_zuoqi_Hight_LOD1,1
mod_taileffect11035.assetbundle,-5367019023338060982,1,1
mod_taileffect11035.assetbundle,-4622873379625526284,Partner_235003_qinglong_zuoqi_Hight_LOD1,1
mod_taileffect11035.assetbundle,-3604202684162327809,Plane001,1
mod_taileffect11040.assetbundle,4293622335217152811,fenghuang_LOD1,1
mod_taileffect11040.assetbundle,7932408119325897515,fenghuang,1
mod_taileffect11065.assetbundle,-2570615121219280903,plane001,1
mod_taileffect11110.assetbundle,-5634081056098679824,TailEffect11110_High_plane,1
mod_taileffect11180.assetbundle,-5304504670113165258,Plane002,1
mod_taileffect11180.assetbundle,410671663211976283,000,1
mod_taileffect11183.assetbundle,-8602820610344358357,Mount_302123_xiaolu,1
mod_taileffect11185.assetbundle,-8713712033736952547,TailEffect11185_trai_S001,1
mod_taileffect11260.assetbundle,-3985503215810868010,J_Electricity_B_05,1
mod_taileffect11260.assetbundle,-294774322217021200,SM_Electricity_103_I,1
mod_taileffect11260.assetbundle,455858029704077051,yld_paodan,1
mod_taileffect11260.assetbundle,2089047082293096975,Plane004,1
mod_taileffect11260.assetbundle,6576529954523003860,J_Electricity_B_10,1
mod_tiancinichang.assetbundle,-8148209640344459456,Plane003,1
mod_tianwangskill.assetbundle,-6698156869586978399,Cylinder001,1
mod_tiaodai.assetbundle,-562965257195904765,001,1
mod_tx.assetbundle,-7154234198612662467,Effects_TX_Other_LY017,1
mod_tx.assetbundle,-1626531154403739925,Effects_TX_Other_LY0011,1
mod_ui.assetbundle,-9202626785365164776,Plane003,1
mod_ui.assetbundle,-9165579656972721172,GoodsModel_160002_baihu,1
mod_ui.assetbundle,-9112522576711828579,plane001,1
mod_ui.assetbundle,-8858380553202634133,plane005,1
mod_ui.assetbundle,-6772312569437697377,Plane001,1
mod_ui.assetbundle,-6654082294499610021,h004,1
mod_ui.assetbundle,-6109289734374147171,plane003,1
mod_ui.assetbundle,-5899591252469694041,Plane001,1
mod_ui.assetbundle,-4816861679175041768,Plane002,1
mod_ui.assetbundle,-4096561307111026700,Plane001,1
mod_ui.assetbundle,-3764839927154740629,plane004,1
mod_ui.assetbundle,-3588404280473131620,h003,1
mod_ui.assetbundle,-2324646751742486877,Cylinder001,1
mod_ui.assetbundle,-2148236474867809711,Sphere001,1
mod_ui.assetbundle,-1847156675083962207,Plane001,1
mod_ui.assetbundle,-1003483062662299324,h002,1
mod_ui.assetbundle,891134247462714269,plane004,1
mod_ui.assetbundle,992375720461220183,NGon002,1
mod_ui.assetbundle,2455438389241246315,plane001,1
mod_ui.assetbundle,3354615685974352435,Plane004,1
mod_ui.assetbundle,4686977809501801205,Mount_302124_longfgui,1
mod_ui.assetbundle,5725536029510300951,Plane001,1
mod_ui.assetbundle,6266594289055326507,Sphere001,1
mod_ui.assetbundle,6451590857837215000,Sphere001,1
mod_ui.assetbundle,6817513937801783898,Plane002,1
mod_ui.assetbundle,7070636920281308626,Plane001,1
mod_ui.assetbundle,7204480682421205917,plane002,1
mod_ui.assetbundle,7563140896709276267,plane002,1
mod_ui.assetbundle,8536501194444673258,Plane005,1
mod_ui.assetbundle,8621700072701248583,Sphere001,1
mod_ui.assetbundle,9100914037438411371,plane003,1
mod_uibg.assetbundle,495144126320614815,Plane001,1
mod_wlcyz.assetbundle,-8959464533594762827,Cylinder001,1
mod_wulingfengmo.assetbundle,-8896349532028367457,4,1
mod_wulingfengmo.assetbundle,-7773288375714386829,Plane003,1
mod_wulingfengmo.assetbundle,-7685015234389111393,3,1
mod_wulingfengmo.assetbundle,-2365524503543444065,5,1
mod_wulingfengmo.assetbundle,-526164803041849953,2,1
mod_wulingfengmo.assetbundle,-259161717317923425,1,1
mod_wulingfengmo.assetbundle,5472852716733798171,Plane034,1
mod_xingshi.assetbundle,-1201714475288887867,Plane001,1
mod_xuannv.assetbundle,213037897754202938,Object005,1
mod_xunyou.assetbundle,-7131587688839662741,zc_kongmingdeng_002,1
mod_xunyou.assetbundle,6342820367837344619,zc_kongmingdeng_01,1
mod_yuan.assetbundle,5205728629136484332,Cylinder001,1
mod_yuanhuan.assetbundle,-7056331252846276047,Mod_205001_CZK027,1
mod_yuanhuan.assetbundle,-1118233303651089230,Cylinder002,1
mod_yuanhuan.assetbundle,7552246422663044430,Cylinder001,1
mod_yuanhuan.assetbundle,8013612191347940301,Cylinder001,1
mod_zhuansheng3.assetbundle,3611274999161962024,Plane001,1
mod_zudang.assetbundle,-5054429743060501128,Plane001,1
mod_zudang.assetbundle,5260670837006006572,Plane001,1
model_208001.assetbundle,6910284487743702333,Waist_210001_shengshizijia,1
other_jinlitunshi.assetbundle,8027137835020899695,Plane007,1
partner_appear001.assetbundle,-4338208639941327113,Plane001,1
partner_appear001.assetbundle,-4318192866602180332,Cone002,1
partner_appear001.assetbundle,-180308789958209885,Plane002,1
plane.assetbundle,5894810805280049251,common_plane,1
role_121165.assetbundle,-8810809665180756738,tiaodai_01_rd,1
role_121165.assetbundle,-7677159156935886882,tiaodai_68_rd,1
scene_mod.assetbundle,-8235864539750437448,Plane002,1
ui_shenlongmibao01.assetbundle,-3839791005006035937,sltb_obj02,1
ui_yuansujt.assetbundle,-3993661215903023192,Cylinder001,1
weaponwomanxiuluo14ex.assetbundle,-5459461499849403631,Plane004,1
weaponwomanxiuluo14ex.assetbundle,-4967992613078428911,Plane003,1
weaponwomanxiuluo14ex.assetbundle,-889176563187248367,Cylinder001,1
weaponwomanxiuluo14ex.assetbundle,2246539742567863057,Plane001,1
wing_202166.assetbundle,-1399102609040012293,Plane006,1
zhanshi_zhanhou.assetbundle,-8197790347690521119,guangzhu,1
